{"_step":18,"_runtime":160.5438971,"performance/recovery_from_zero":-0.2249979975377618,"_timestamp":1.7731328406733007e+09,"loss":0.7791163921356201,"performance/recovery_from_mean":-1.0014117531163835,"num_dead_features":9305,"l1_loss":0.09910136461257935,"n_dead_in_batch":10196,"l1_norm":55.056312561035156,"l2_loss":0.670630931854248,"_wandb":{"runtime":160},"aux_loss":0.009384109638631344,"performance/ce_degradation":-11.547798871994019,"l0_norm":32}