{"l0_norm":32,"performance/recovery_from_zero":-0.2249979975377618,"_timestamp":1.7731400648853772e+09,"_step":975,"_wandb":{"runtime":4832},"l2_loss":0.15983138978481293,"loss":0.2543475329875946,"_runtime":4832.3660152,"num_dead_features":841,"n_dead_in_batch":5113,"performance/recovery_from_mean":-1.0014117531163835,"performance/ce_degradation":-11.547798871994019,"l1_norm":50.39141845703125,"l1_loss":0.0907045528292656,"aux_loss":0.0038116055075079203}