{"_step":96,"n_dead_in_batch":10504,"performance/ce_degradation":-11.547798871994019,"l0_norm":32,"loss":0.5200039744377136,"_timestamp":1.7731345506767504e+09,"performance/recovery_from_mean":-1.0014117531163835,"l2_loss":0.38256406784057617,"_wandb":{"runtime":576},"performance/recovery_from_zero":-0.2249979975377618,"aux_loss":0.004204817581921816,"num_dead_features":10381,"_runtime":576.6543342,"l1_norm":74.01951599121094,"l1_loss":0.1332351267337799}