{"aux_loss":0.004893707577139139,"n_dead_in_batch":2047,"_runtime":9414.1676749,"loss":0.2600250840187073,"l2_loss":0.16022276878356934,"performance/ce_degradation":-9.672537326812744,"_step":479,"performance/recovery_from_mean":-0.7727139455497846,"_timestamp":1.7725485802599177e+09,"_wandb":{"runtime":9414},"performance/recovery_from_zero":-0.2151429472216117,"l1_norm":52.726993560791016,"num_dead_features":39,"l0_norm":32,"l1_loss":0.09490858763456345}